"id","title","category","price","variants","photos","active","description"
"1d","Корзина под ёлку","","8000","-","https://mgnotvaahftrbifqtahf.supabase.co/storage/v1/object/public/le-catalog-images/cb04a4d8-2870-5611-aebf-44c54ca43376.webp","TRUE","Элегантная корзина под ёлку , с помощью которой вы можете оформить основание ёлки, придаст хвойной красавице невероятно стильный и гармонично завершенный вид и поможет создать в доме атмосферу тепла и уюта"
"2d","Настольная ёлка Веста","","2200","-","https://mgnotvaahftrbifqtahf.supabase.co/storage/v1/object/public/le-catalog-images/52baaac6-e14f-5f21-ade6-1ce707e470ec.webp","TRUE","Миниатюрная ёлка Веста дополнит ваш праздничный интерьер"
"3d","Хвойная гирлянда 2.8 метра","","5500","-","https://mgnotvaahftrbifqtahf.supabase.co/storage/v1/object/public/le-catalog-images/95535b55-9841-569e-a44e-724d20348842.webp","TRUE","Пушистая гирлянда со светлыми кончиками"
"4d","Сумка для хранения ёлок","","1700","120х40х40","https://mgnotvaahftrbifqtahf.supabase.co/storage/v1/object/public/le-catalog-images/6b4961aa-11a7-5a05-afb6-389fa2931712.webp","TRUE","-"
"4d","Сумка для хранения ёлок","","1900","120х40х60 (+200 ₽)","https://mgnotvaahftrbifqtahf.supabase.co/storage/v1/object/public/le-catalog-images/6b4961aa-11a7-5a05-afb6-389fa2931712.webp","TRUE","-"
"5d","Венок","Зеленый","2200","45 см","https://mgnotvaahftrbifqtahf.supabase.co/storage/v1/object/public/le-catalog-images/e228dfdb-000d-5a72-a7d1-613341b128ac.webp","TRUE",""
"5d","Венок","Заснеженный","2600","45 см","https://mgnotvaahftrbifqtahf.supabase.co/storage/v1/object/public/le-catalog-images/e228dfdb-000d-5a72-a7d1-613341b128ac.webp","TRUE",""
"5d","Венок","Зеленый","2900","60 см","https://mgnotvaahftrbifqtahf.supabase.co/storage/v1/object/public/le-catalog-images/e228dfdb-000d-5a72-a7d1-613341b128ac.webp","TRUE",""
"5d","Венок","Заснеженный","3300","60 см","https://mgnotvaahftrbifqtahf.supabase.co/storage/v1/object/public/le-catalog-images/e228dfdb-000d-5a72-a7d1-613341b128ac.webp","TRUE",""
